{
  "pages": {
    "README": {
      "x": -5.309816756667573,
      "y": -6.970595546727173,
      "width": 680,
      "height": 500
    }
  }
}